{"cameraMode":{"drawMode":0,"name":"Shaded","section":"Shading Mode"},"sceneLighting":true,"audioPlay":false,"sceneViewState":{"m_AlwaysRefresh":false,"showFog":true,"showSkybox":true,"showFlares":true,"showImageEffects":true,"showParticleSystems":true,"showVisualEffectGraphs":true,"m_FxEnabled":true},"in2DMode":false,"pivot":{"x":-0.5585423707962036,"y":0.17250609397888184,"z":0.522802472114563},"rotation":{"x":-0.09441839158535004,"y":0.3289033770561218,"z":-0.03307019919157028,"w":-0.9390538930892944},"size":4.3657684326171879,"orthographic":false}